{
    "0": 0.9413012729844413,
    "1": 1.0665064102564104
}