,bird,drone
bird,0.9834710743801653,0.01652892561983471
drone,0.02127659574468085,0.9787234042553191
