{
    "model_name": "Custom_CNN",
    "test_metrics": {
        "loss": 0.2610601782798767,
        "accuracy": 0.8930232524871826,
        "precision": 0.9176470637321472,
        "recall": 0.8297872543334961,
        "auc": 0.9614032506942749
    },
    "classification_report": {
        "bird": {
            "precision": 0.8769230769230769,
            "recall": 0.9421487603305785,
            "f1-score": 0.9083665338645418,
            "support": 121.0
        },
        "drone": {
            "precision": 0.9176470588235294,
            "recall": 0.8297872340425532,
            "f1-score": 0.8715083798882681,
            "support": 94.0
        },
        "accuracy": 0.8930232558139535,
        "macro avg": {
            "precision": 0.8972850678733031,
            "recall": 0.8859679971865658,
            "f1-score": 0.8899374568764049,
            "support": 215.0
        },
        "weighted avg": {
            "precision": 0.8947279806376933,
            "recall": 0.8930232558139535,
            "f1-score": 0.8922518060795663,
            "support": 215.0
        }
    },
    "confusion_matrix": [
        [
            114,
            7
        ],
        [
            16,
            78
        ]
    ]
}