{"accuracy": [0.6378662586212158, 0.7054845690727234, 0.74530428647995, 0.749060869216919, 0.7640871405601501, 0.7674680948257446, 0.764838457107544, 0.7791134715080261, 0.8054094910621643, 0.8151765465736389, 0.8268219232559204, 0.8204357624053955, 0.828324556350708, 0.8365890383720398, 0.839594304561615, 0.8290758728981018, 0.8444778323173523, 0.843350887298584, 0.8602554202079773, 0.8542449474334717, 0.8546205759048462, 0.8508639931678772, 0.8549962639808655, 0.85537189245224, 0.8602554202079773, 0.8564988970756531, 0.8598797917366028, 0.8576258420944214, 0.8538692593574524], "auc": [0.6806432008743286, 0.7590815424919128, 0.8092150688171387, 0.8183220624923706, 0.8430555462837219, 0.8459317684173584, 0.847402036190033, 0.8616247773170471, 0.8841530084609985, 0.8938298225402832, 0.903374969959259, 0.9019474983215332, 0.9032418131828308, 0.9127659201622009, 0.9177654981613159, 0.9117623567581177, 0.920293390750885, 0.9197193384170532, 0.9274020791053772, 0.9254010915756226, 0.9220834970474243, 0.9261738061904907, 0.9243133664131165, 0.9317014217376709, 0.9294874668121338, 0.9273139238357544, 0.9288740754127502, 0.9287960529327393, 0.9290066361427307], "loss": [0.6548897624015808, 0.582895040512085, 0.5296294093132019, 0.5205143094062805, 0.491515189409256, 0.4900248050689697, 0.4849592447280884, 0.4636940360069275, 0.4270070493221283, 0.41278648376464844, 0.3998796045780182, 0.39718103408813477, 0.3953969180583954, 0.3764479160308838, 0.36639833450317383, 0.37532344460487366, 0.3625905215740204, 0.3619641661643982, 0.34391283988952637, 0.3481230139732361, 0.35574057698249817, 0.3478516638278961, 0.3520606756210327, 0.3349713683128357, 0.3417716324329376, 0.34838077425956726, 0.3424549400806427, 0.3410951793193817, 0.34211787581443787], "precision": [0.6283906102180481, 0.7109090685844421, 0.7549194693565369, 0.7487135529518127, 0.7591972947120667, 0.7810544967651367, 0.7653583884239197, 0.7759197354316711, 0.8109028935432434, 0.8053311705589294, 0.8222768306732178, 0.8130081295967102, 0.8244462609291077, 0.8254603743553162, 0.8291900753974915, 0.8200161457061768, 0.844628095626831, 0.8348106145858765, 0.8476190567016602, 0.8547855019569397, 0.8435754179954529, 0.8473469614982605, 0.8447999954223633, 0.8471440076828003, 0.8590164184570312, 0.8572607040405273, 0.8554021120071411, 0.8552739024162292, 0.8477732539176941], "recall": [0.5568910241127014, 0.6266025900840759, 0.6762820482254028, 0.6995192170143127, 0.7275640964508057, 0.7003205418586731, 0.71875, 0.7435897588729858, 0.7628205418586731, 0.7988781929016113, 0.8044871687889099, 0.8012820482254028, 0.8052884340286255, 0.8261218070983887, 0.8285256624221802, 0.8141025900840759, 0.8189102411270142, 0.8301281929016113, 0.8557692170143127, 0.8301281929016113, 0.8469551205635071, 0.8317307829856873, 0.8461538553237915, 0.84375, 0.8397436141967773, 0.8325320482254028, 0.84375, 0.8381410241127014, 0.838942289352417], "val_accuracy": [0.5248869061470032, 0.6900452375411987, 0.6832579374313354, 0.7194570302963257, 0.7533936500549316, 0.7624434232711792, 0.7285068035125732, 0.5022624731063843, 0.8009049892425537, 0.8438913822174072, 0.8438913822174072, 0.7918552160263062, 0.807692289352417, 0.8461538553237915, 0.8619909286499023, 0.8619909286499023, 0.8257918357849121, 0.8348416090011597, 0.8506787419319153, 0.8665158152580261, 0.8710407018661499, 0.8642534017562866, 0.8529411554336548, 0.8574660420417786, 0.8529411554336548, 0.8574660420417786, 0.8552036285400391, 0.8710407018661499, 0.8687782883644104], "val_auc": [0.7281720638275146, 0.7567946910858154, 0.7531899213790894, 0.8257961869239807, 0.852165937423706, 0.8596620559692383, 0.817091703414917, 0.7644444704055786, 0.895381510257721, 0.9126676917076111, 0.9109780192375183, 0.8974500298500061, 0.9102917909622192, 0.918812096118927, 0.922386109828949, 0.9262877702713013, 0.9267588257789612, 0.926676869392395, 0.9228366017341614, 0.9305274486541748, 0.9278135895729065, 0.93059903383255, 0.9301587343215942, 0.9286943674087524, 0.9286738038063049, 0.9299743175506592, 0.9295955300331116, 0.9298617243766785, 0.9296364784240723], "val_loss": [0.6795777082443237, 0.6291136741638184, 0.6181894540786743, 0.5453289151191711, 0.4864237308502197, 0.4982769787311554, 0.5588894486427307, 1.7605618238449097, 0.44188109040260315, 0.38042524456977844, 0.38826367259025574, 0.47465094923973083, 0.43141499161720276, 0.3652823269367218, 0.36102235317230225, 0.3539692461490631, 0.3708304166793823, 0.36735254526138306, 0.35722267627716064, 0.33856457471847534, 0.34547537565231323, 0.3367038369178772, 0.34375834465026855, 0.34730151295661926, 0.3484552204608917, 0.34282833337783813, 0.3435487151145935, 0.33803340792655945, 0.3395973742008209], "val_precision": [0.5189873576164246, 0.7056074738502502, 0.8014184236526489, 0.7112970948219299, 0.7710280418395996, 0.8296703100204468, 0.8260869383811951, 0.8571428656578064, 0.7420494556427002, 0.8391304612159729, 0.8305084705352783, 0.903030276298523, 0.9320987462997437, 0.8398268222808838, 0.8796296119689941, 0.8942307829856873, 0.7824427485466003, 0.7923076748847961, 0.8412017226219177, 0.8640350699424744, 0.8925233483314514, 0.8666666746139526, 0.8278688788414001, 0.8347107172012329, 0.8278688788414001, 0.8374999761581421, 0.8340249061584473, 0.8589743375778198, 0.8553191423416138], "val_recall": [0.9111111164093018, 0.6711111068725586, 0.5022222399711609, 0.7555555701255798, 0.7333333492279053, 0.6711111068725586, 0.5911111235618591, 0.02666666731238365, 0.9333333373069763, 0.8577777743339539, 0.8711110949516296, 0.6622222065925598, 0.6711111068725586, 0.8622221946716309, 0.8444444537162781, 0.8266666531562805, 0.9111111164093018, 0.9155555367469788, 0.8711110949516296, 0.8755555748939514, 0.8488888740539551, 0.8666666746139526, 0.897777795791626, 0.897777795791626, 0.897777795791626, 0.8933333158493042, 0.8933333158493042, 0.8933333158493042, 0.8933333158493042], "learning_rate": [0.0010000000474974513, 0.0010000000474974513, 0.0010000000474974513, 0.0010000000474974513, 0.0010000000474974513, 0.0010000000474974513, 0.0010000000474974513, 0.0010000000474974513, 0.0003000000142492354, 0.0003000000142492354, 0.0003000000142492354, 0.0003000000142492354, 0.0003000000142492354, 9.000000136438757e-05, 9.000000136438757e-05, 9.000000136438757e-05, 9.000000136438757e-05, 9.000000136438757e-05, 9.000000136438757e-05, 2.700000004551839e-05, 2.700000004551839e-05, 2.700000004551839e-05, 2.700000004551839e-05, 2.700000004551839e-05, 2.700000004551839e-05, 8.099999831756577e-06, 8.099999831756577e-06, 8.099999831756577e-06, 2.429999995001708e-06]}