model,accuracy,precision_macro,recall_macro,f1_macro,auc
Custom_CNN,0.8837209302325582,0.8842964151952916,0.8788904519078601,0.8810867016216455,0.94839106734658
